id,name,land,eligible,valid1,valid,participation1,participation,CDU1_votes,CDU_votes,SPD1_votes,SPD_votes,AfD1_votes,AfD_votes,FDP1_votes,FDP_votes,LINKE1_votes,LINKE_votes,GRUENE1_votes,GRUENE_votes,PIRATEN1_votes,PIRATEN_votes,CDU1,CDU,SPD1,SPD,AfD1,AfD,FDP1,FDP,LINKE1,LINKE,GRUENE1,GRUENE,PIRATEN1,PIRATEN,Other1,Other
1,Flensburg – Schleswig,SH,231536,178575,178625,77.13,77.15,41721,36421,38927,45508,9768,10317,12299,19189,6544,7475,50231,33300,,,23.36,20.39,21.80,25.48,5.47,5.78,6.89,10.74,3.66,4.18,28.13,18.64,0.00,0.00,10.69,14.79
2,Nordfriesland – Dithmarschen Nord,SH,188267,144050,144145,76.51,76.56,43745,35511,40026,37926,8274,8798,13958,18350,4060,4437,20611,22588,,,30.37,24.64,27.79,26.31,5.74,6.10,9.69,12.73,2.82,3.08,14.31,15.67,0.00,0.00,9.29,11.47
3,Steinburg – Dithmarschen Süd,SH,176899,134980,135109,76.30,76.38,39431,32842,39379,37468,10429,11303,19315,18492,4339,4524,16686,19237,,,29.21,24.31,29.17,27.73,7.73,8.37,14.31,13.69,3.21,3.35,12.36,14.24,0.00,0.00,4.00,8.32
4,Rendsburg-Eckernförde,SH,202226,160650,160955,79.44,79.59,47688,38517,49474,43148,10200,10564,12903,19322,4416,5163,23832,28828,,,29.68,23.93,30.80,26.81,6.35,6.56,8.03,12.00,2.75,3.21,14.83,17.91,0.00,0.00,7.55,9.58
5,Kiel,SH,202482,154816,155068,76.46,76.58,28416,23920,45709,40338,7147,7654,11445,16110,7275,9430,43532,44089,,,18.35,15.43,29.52,26.01,4.62,4.94,7.39,10.39,4.70,6.08,28.12,28.43,0.00,0.00,7.29,8.72
6,Plön – Neumünster,SH,174908,131962,132527,75.45,75.77,36870,30290,41497,38670,9404,9741,12420,15901,3718,4232,20740,23051,,,27.94,22.86,31.45,29.18,7.13,7.35,9.41,12.00,2.82,3.19,15.72,17.39,0.00,0.00,5.54,8.03
7,Pinneberg,SH,238388,190069,190270,79.73,79.82,49710,42057,59298,55693,12141,13080,20737,25663,5659,6363,32109,34291,,,26.15,22.10,31.20,29.27,6.39,6.87,10.91,13.49,2.98,3.34,16.89,18.02,0.00,0.00,5.48,6.90
8,Segeberg – Stormarn-Mitte,SH,249202,197918,198265,79.42,79.56,55265,44285,63369,56658,14040,14527,20575,27675,6202,6468,27109,33361,,,27.92,22.34,32.02,28.58,7.09,7.33,10.40,13.96,3.13,3.26,13.70,16.83,0.00,0.00,5.74,7.71
9,Ostholstein – Stormarn-Nord,SH,183138,141791,141966,77.42,77.52,42991,35564,47714,42520,9647,10073,13289,17986,4122,4036,19025,22314,,,30.32,25.05,33.65,29.95,6.80,7.10,9.37,12.67,2.91,2.84,13.42,15.72,0.00,0.00,3.53,6.67
10,Herzogtum Lauenburg – Stormarn-Süd,SH,246277,195327,195587,79.31,79.42,51872,45364,60593,56422,14053,14682,20550,27725,5168,6325,33949,32475,,,26.56,23.19,31.02,28.85,7.19,7.51,10.52,14.18,2.65,3.23,17.38,16.60,0.00,0.00,4.68,6.44
11,Lübeck,SH,179394,129875,130237,72.40,72.60,28266,23628,44315,39704,8538,8827,9700,13626,4020,5785,27809,29229,,,21.76,18.14,34.12,30.49,6.57,6.78,7.47,10.46,3.10,4.44,21.41,22.44,0.00,0.00,5.56,7.25
12,Schwerin – Ludwigslust-Parchim I – Nordwestmecklenburg I,MV,214853,153608,154163,71.49,71.75,31754,26383,45189,49271,25393,24185,11769,13242,17906,16604,12061,12419,1414,1023,20.67,17.11,29.42,31.96,16.53,15.69,7.66,8.59,11.66,10.77,7.85,8.06,0.92,0.66,5.29,7.16
13,Ludwigslust-Parchim II – Nordwestmecklenburg II – Landkreis Rostock I,MV,205042,144046,144104,70.25,70.28,26208,24621,50736,46846,24760,24673,10322,11638,14949,14979,8163,10147,,624,18.19,17.09,35.22,32.51,17.19,17.12,7.17,8.08,10.38,10.39,5.67,7.04,0.00,0.43,6.18,7.34
14,Rostock – Landkreis Rostock II,MV,222705,163010,162977,73.20,73.18,27672,23103,43932,47280,19882,20658,12242,14852,29715,21491,16556,20941,1304,854,16.98,14.18,26.95,29.01,12.20,12.68,7.51,9.11,18.23,13.19,10.16,12.85,0.80,0.52,7.18,8.47
15,Vorpommern-Rügen – Vorpommern-Greifswald I,MV,241066,166153,165779,68.92,68.77,33903,30910,40429,41583,33025,31303,11005,13776,22767,18857,12199,14654,1094,797,20.40,18.65,24.33,25.08,19.88,18.88,6.62,8.31,13.70,11.37,7.34,8.84,0.66,0.48,7.06,8.38
16,Mecklenburgische Seenplatte I – Vorpommern-Greifswald II,MV,221421,150668,151038,68.05,68.21,31182,28684,37392,40339,36597,35102,11165,11438,16202,15370,6112,6616,,518,20.70,18.99,24.82,26.71,24.29,23.24,7.41,7.57,10.75,10.18,4.06,4.38,0.00,0.34,7.98,8.59
17,Mecklenburgische Seenplatte II – Landkreis Rostock III,MV,209348,140601,140798,67.16,67.26,29950,26402,43730,42049,30320,29421,9825,10609,14494,14434,7573,7179,,443,21.30,18.75,31.10,29.86,21.56,20.90,6.99,7.53,10.31,10.25,5.39,5.10,0.00,0.31,3.35,7.29
18,Hamburg-Mitte,HH,242078,178198,178555,73.61,73.76,23231,19982,59229,51170,8664,9100,14424,18723,16195,15593,46326,49791,,905,13.04,11.19,33.24,28.66,4.86,5.10,8.09,10.49,9.09,8.73,26.00,27.89,0.00,0.51,5.68,7.44
19,Hamburg-Altona,HH,187705,151883,152095,80.92,81.03,25441,22478,43427,38865,5191,5036,12380,16543,14716,13667,45063,46162,1351,571,16.75,14.78,28.59,25.55,3.42,3.31,8.15,10.88,9.69,8.99,29.67,30.35,0.89,0.38,2.84,5.77
20,Hamburg-Eimsbüttel,HH,193823,160039,160365,82.57,82.74,27462,23843,47375,44911,5450,5662,12957,18190,11351,10847,47734,47983,,500,17.16,14.87,29.60,28.01,3.41,3.53,8.10,11.34,7.09,6.76,29.83,29.92,0.00,0.31,4.82,5.26
21,Hamburg-Nord,HH,219909,184223,184691,83.77,83.99,43870,34387,56594,51575,6259,6811,15786,26247,9095,8741,47375,46531,,606,23.81,18.62,30.72,27.93,3.40,3.69,8.57,14.21,4.94,4.73,25.72,25.19,0.00,0.33,2.85,5.30
22,Hamburg-Wandsbek,HH,233483,172336,172821,73.81,74.02,33085,29103,66616,59298,11490,11290,15755,19225,10629,8852,26599,32134,2068,1048,19.20,16.84,38.65,34.31,6.67,6.53,9.14,11.12,6.17,5.12,15.43,18.59,1.20,0.61,3.54,6.87
23,Hamburg-Bergedorf – Harburg,HH,221794,156645,157017,70.63,70.79,26483,25427,61590,52523,12774,12638,13301,15674,10521,9878,24231,27931,,747,16.91,16.19,39.32,33.45,8.15,8.05,8.49,9.98,6.72,6.29,15.47,17.79,0.00,0.48,4.94,7.77
24,Aurich – Emden,NI,191846,135561,136194,70.66,70.99,24019,24066,71596,59038,,11173,11798,12113,4861,4671,12652,17668,,430,17.72,17.67,52.81,43.35,0.00,8.20,8.70,8.89,3.59,3.43,9.33,12.97,0.00,0.32,7.85,5.17
25,Unterems,NI,238506,173747,174276,72.85,73.07,77143,52067,49440,59229,13584,14248,10763,17671,4358,4650,16434,18576,,534,44.40,29.88,28.46,33.99,7.82,8.18,6.19,10.14,2.51,2.67,9.46,10.66,0.00,0.31,1.17,4.19
26,Friesland – Wilhelmshaven – Wittmund,NI,189047,132976,132930,70.34,70.32,29286,28535,60392,50448,10227,10951,9502,13874,3460,4122,13504,17020,,419,22.02,21.47,45.42,37.95,7.69,8.24,7.15,10.44,2.60,3.10,10.16,12.80,0.00,0.32,4.97,5.69
27,Oldenburg – Ammerland,NI,228705,172328,172550,75.35,75.45,34294,32100,65757,55231,8572,8903,12859,17674,10183,8344,35119,40919,1524,795,19.90,18.60,38.16,32.01,4.97,5.16,7.46,10.24,5.91,4.84,20.38,23.71,0.88,0.46,2.33,4.97
28,Delmenhorst – Wesermarsch – Oldenburg-Land,NI,226827,161972,162158,71.41,71.49,40410,36649,59377,55621,11999,12987,17278,18571,4931,5046,21202,23973,,598,24.95,22.60,36.66,34.30,7.41,8.01,10.67,11.45,3.04,3.11,13.09,14.78,0.00,0.37,4.18,5.37
29,Cuxhaven – Stade II,NI,188602,139672,139716,74.06,74.08,42085,36586,51417,48858,10227,11000,9622,14052,2694,3672,15389,17553,,433,30.13,26.19,36.81,34.97,7.32,7.87,6.89,10.06,1.93,2.63,11.02,12.56,0.00,0.31,5.90,5.41
30,Stade I – Rotenburg II,NI,198576,150633,150886,75.86,75.98,52069,39969,47763,48301,10735,11002,12019,16720,4340,4301,19923,22091,1755,691,34.57,26.49,31.71,32.01,7.13,7.29,7.98,11.08,2.88,2.85,13.23,14.64,1.17,0.46,1.35,5.18
31,Mittelems,NI,233253,179213,179439,76.83,76.93,72523,60733,52309,55461,8993,9235,17466,21101,3996,3969,22562,22515,,423,40.47,33.85,29.19,30.91,5.02,5.15,9.75,11.76,2.23,2.21,12.59,12.55,0.00,0.24,0.76,3.34
32,Cloppenburg – Vechta,NI,223948,163186,163352,72.87,72.94,80134,62837,33825,40212,12674,12772,14397,19747,3542,3549,17366,18093,,474,49.11,38.47,20.73,24.62,7.77,7.82,8.82,12.09,2.17,2.17,10.64,11.08,0.00,0.29,0.76,3.47
33,Diepholz – Nienburg I,NI,194371,145494,145972,74.85,75.10,49116,36915,46455,48196,9683,10372,13671,17628,4029,3920,19702,21139,,465,33.76,25.29,31.93,33.02,6.66,7.11,9.40,12.08,2.77,2.69,13.54,14.48,0.00,0.32,1.95,5.03
34,Osterholz – Verden,NI,197490,149381,150219,75.64,76.06,50274,36183,48574,49430,,11329,13764,15653,6375,5253,21933,24183,,443,33.65,24.09,32.52,32.91,0.00,7.54,9.21,10.42,4.27,3.50,14.68,16.10,0.00,0.29,5.66,5.16
35,Rotenburg I – Heidekreis,NI,168927,124166,124204,73.50,73.53,32720,31119,59131,43196,9182,9945,7354,12526,3010,3536,10035,16857,,444,26.35,25.05,47.62,34.78,7.39,8.01,5.92,10.09,2.42,2.85,8.08,13.57,0.00,0.36,2.20,5.30
36,Harburg,NI,201740,160513,160742,79.56,79.68,46711,39850,49773,46765,11007,11671,14395,20426,4230,4682,24120,26777,,568,29.10,24.79,31.01,29.09,6.86,7.26,8.97,12.71,2.64,2.91,15.03,16.66,0.00,0.35,6.40,6.22
37,Lüchow-Dannenberg – Lüneburg,NI,182673,137637,138106,75.35,75.60,34287,29032,38784,41262,8603,9145,9513,13241,5378,6328,34606,30585,,453,24.91,21.02,28.18,29.88,6.25,6.62,6.91,9.59,3.91,4.58,25.14,22.15,0.00,0.33,4.70,5.84
38,Osnabrück-Land,NI,199960,150586,150458,75.31,75.24,54535,42864,44709,48352,9418,10069,13006,16653,3596,3870,22011,22160,,403,36.22,28.49,29.69,32.14,6.25,6.69,8.64,11.07,2.39,2.57,14.62,14.73,0.00,0.27,2.20,4.05
39,Stadt Osnabrück,NI,195467,148206,148510,75.82,75.98,43316,34462,44876,44919,6695,6903,10090,14627,6977,6224,34140,34546,,437,29.23,23.21,30.28,30.25,4.52,4.65,6.81,9.85,4.71,4.19,23.04,23.26,0.00,0.29,1.43,4.30
40,Nienburg II – Schaumburg,NI,193863,141647,141792,73.07,73.14,43817,33968,50017,49553,11695,12434,8804,14213,3070,3842,18094,19968,,552,30.93,23.96,35.31,34.95,8.26,8.77,6.22,10.02,2.17,2.71,12.77,14.08,0.00,0.39,4.34,5.12
41,Stadt Hannover I,NI,176770,127677,127586,72.23,72.18,27303,23410,44538,39511,7549,7677,9550,13282,4662,5768,27851,30360,746,681,21.38,18.35,34.88,30.97,5.91,6.02,7.48,10.41,3.65,4.52,21.81,23.80,0.58,0.53,4.29,5.41
42,Stadt Hannover II,NI,190336,142528,142450,74.88,74.84,26196,22537,46929,40116,6476,6753,9538,13288,7390,8831,37779,41976,979,769,18.38,15.82,32.93,28.16,4.54,4.74,6.69,9.33,5.18,6.20,26.51,29.47,0.69,0.54,5.08,5.74
43,Hannover-Land I,NI,231250,173117,172702,74.86,74.68,55185,44529,58297,55464,12942,13295,12557,19550,3981,4504,22490,26219,988,692,31.88,25.78,33.67,32.12,7.48,7.70,7.25,11.32,2.30,2.61,12.99,15.18,0.57,0.40,3.86,4.89
44,Celle – Uelzen,NI,214482,156634,156830,73.03,73.12,51504,40993,50635,48332,14498,14423,13412,17990,4357,4680,18773,21882,,566,32.88,26.14,32.33,30.82,9.26,9.20,8.56,11.47,2.78,2.98,11.99,13.95,0.00,0.36,2.21,5.08
45,Gifhorn – Peine,NI,219966,165024,164830,75.02,74.93,40279,37839,72113,58846,15346,16048,10738,16238,3619,4147,15762,21960,,642,24.41,22.96,43.70,35.70,9.30,9.74,6.51,9.85,2.19,2.52,9.55,13.32,0.00,0.39,4.34,5.53
46,Hameln-Pyrmont – Holzminden,NI,184471,131548,131609,71.31,71.34,33575,29809,56893,48438,11208,11590,9102,13624,3676,3734,13259,17274,,463,25.52,22.65,43.25,36.80,8.52,8.81,6.92,10.35,2.79,2.84,10.08,13.13,0.00,0.35,2.92,5.07
47,Hannover-Land II,NI,238323,179548,179092,75.34,75.15,45721,40612,73088,62024,13377,13850,11883,18320,4095,4994,22283,29201,1119,867,25.46,22.68,40.71,34.63,7.45,7.73,6.62,10.23,2.28,2.79,12.41,16.31,0.62,0.48,4.45,5.15
48,Hildesheim,NI,215131,160009,159778,74.38,74.27,41230,36504,61857,55439,11387,12161,11507,15397,5481,5308,22973,26565,1506,793,25.77,22.85,38.66,34.70,7.12,7.61,7.19,9.64,3.43,3.32,14.36,16.63,0.94,0.50,2.54,4.76
49,Salzgitter – Wolfenbüttel,NI,200922,145424,145722,72.38,72.53,39541,33453,56157,53411,14331,14415,9544,13463,5675,4478,15353,18105,1220,598,27.19,22.96,38.62,36.65,9.85,9.89,6.56,9.24,3.90,3.07,10.56,12.42,0.84,0.41,2.48,5.35
50,Braunschweig,NI,187721,139553,139294,74.34,74.20,31276,25929,51220,42377,8045,8238,9816,14046,5352,6355,28214,33401,,785,22.41,18.61,36.70,30.42,5.76,5.91,7.03,10.08,3.84,4.56,20.22,23.98,0.00,0.56,4.03,5.86
51,Helmstedt – Wolfsburg,NI,180147,129048,129204,71.63,71.72,34367,31827,54349,45414,12339,12241,9766,13073,3575,3496,11305,15481,,529,26.63,24.63,42.12,35.15,9.56,9.47,7.57,10.12,2.77,2.71,8.76,11.98,0.00,0.41,2.59,5.53
52,Goslar – Northeim – Osterode,NI,197519,142067,142315,71.93,72.05,47196,33614,52129,53876,11240,11819,8827,14239,3835,4251,14954,17118,,439,33.22,23.62,36.69,37.86,7.91,8.30,6.21,10.01,2.70,2.99,10.53,12.03,0.00,0.31,2.74,4.89
53,Göttingen,NI,214542,159477,160305,74.33,74.72,42958,34588,51385,51180,,9785,15261,15638,8057,8132,37060,32448,,569,26.94,21.58,32.22,31.93,0.00,6.10,9.57,9.76,5.05,5.07,23.24,20.24,0.00,0.35,2.98,4.97
54,Bremen I,HB,245384,184971,185237,75.38,75.49,39440,32375,55934,53425,9099,9835,13929,18396,15306,15739,39721,44414,,,21.32,17.48,30.24,28.84,4.92,5.31,7.53,9.93,8.27,8.50,21.47,23.98,0.00,0.00,6.24,5.97
55,Bremen II – Bremerhaven,HB,214365,142086,142803,66.28,66.62,28552,24124,52498,49799,12466,12740,8469,12085,10617,9613,20769,24013,908,,20.09,16.89,36.95,34.87,8.77,8.92,5.96,8.46,7.47,6.73,14.62,16.82,0.64,0.00,5.49,7.30
56,Prignitz – Ostprignitz-Ruppin – Havelland I,BB,172726,120837,121008,69.96,70.06,23433,19414,39853,41163,23799,23221,7355,9070,10845,9754,5623,7677,636,479,19.39,16.04,32.98,34.02,19.70,19.19,6.09,7.50,8.97,8.06,4.65,6.34,0.53,0.40,7.69,8.45
57,Uckermark – Barnim I,BB,182836,129150,129246,70.64,70.69,22991,19818,38247,40543,26163,25748,10964,10422,12316,11617,7528,9095,786,516,17.80,15.33,29.61,31.37,20.26,19.92,8.49,8.06,9.54,8.99,5.83,7.04,0.61,0.40,7.86,8.89
58,Oberhavel – Havelland II,BB,249331,192738,193088,77.30,77.44,39996,33377,50697,55193,30863,30793,17322,19802,15501,12665,19026,20663,2267,1076,20.75,17.29,26.30,28.58,16.01,15.95,8.99,10.26,8.04,6.56,9.87,10.70,1.18,0.56,8.85,10.11
59,Märkisch-Oderland – Barnim II,BB,230391,174209,174498,75.61,75.74,40804,26254,43117,48712,31929,31820,12270,14939,21700,18004,11742,13954,,695,23.42,15.05,24.75,27.92,18.33,18.24,7.04,8.56,12.46,10.32,6.74,8.00,0.00,0.40,7.26,11.53
60,Brandenburg an der Havel – Potsdam-Mittelmark I – Havelland III – Teltow-Fläming I,BB,202955,145379,145579,71.63,71.73,29236,22274,46642,48423,23931,23845,9266,11934,12672,12019,9474,12211,840,626,20.11,15.30,32.08,33.26,16.46,16.38,6.37,8.20,8.72,8.26,6.52,8.39,0.58,0.43,9.16,9.79
61,Potsdam – Potsdam-Mittelmark II – Teltow-Fläming II,BB,232797,188845,188885,81.12,81.14,26050,26287,64271,50965,17302,18658,16872,20210,14701,19110,35452,35865,,705,13.79,13.92,34.03,26.98,9.16,9.88,8.93,10.70,7.78,10.12,18.77,18.99,0.00,0.37,7.52,9.05
62,Dahme-Spreewald – Teltow-Fläming III – Oberspreewald-Lausitz I,BB,252744,191513,191730,75.77,75.86,38080,31299,50696,54650,33719,34411,15073,18893,17417,14955,13523,16156,1319,919,19.88,16.32,26.47,28.50,17.61,17.95,7.87,9.85,9.09,7.80,7.06,8.43,0.69,0.48,11.32,10.66
63,Frankfurt (Oder) – Oder-Spree,BB,191387,140441,140590,73.38,73.46,22876,19890,39350,41414,30182,28338,9975,12439,15690,13436,8865,9992,,495,16.29,14.15,28.02,29.46,21.49,20.16,7.10,8.85,11.17,9.56,6.31,7.11,0.00,0.35,9.61,10.37
64,Cottbus – Spree-Neiße,BB,171267,126363,126555,73.78,73.89,21072,17502,34882,36098,32530,30729,11400,13603,11156,9670,4662,6939,,392,16.68,13.83,27.60,28.52,25.74,24.28,9.02,10.75,8.83,7.64,3.69,5.48,0.00,0.31,8.44,9.18
65,Elbe-Elster – Oberspreewald-Lausitz II,BB,162410,118283,118464,72.83,72.94,19130,17776,29998,33412,29560,29849,10597,11114,10630,8532,4110,4920,,437,16.17,15.01,25.36,28.20,24.99,25.20,8.96,9.38,8.99,7.20,3.47,4.15,0.00,0.37,12.05,10.49
66,Altmark,ST,159998,107580,107744,67.24,67.34,23433,22567,29599,29537,20875,20629,9116,9396,11218,10381,4674,5834,,308,21.78,20.95,27.51,27.41,19.40,19.15,8.47,8.72,10.43,9.63,4.34,5.41,0.00,0.29,8.05,8.44
67,Börde – Jerichower Land,ST,215532,146746,146963,68.09,68.19,36652,32720,38520,39043,29843,29604,11817,13589,12785,12426,6184,7267,,454,24.98,22.26,26.25,26.57,20.34,20.14,8.05,9.25,8.71,8.46,4.21,4.94,0.00,0.31,7.46,8.07
68,Harz,ST,207942,136844,137050,65.81,65.91,37884,30508,34812,37330,24947,24790,10064,12532,14413,12700,6320,7495,,435,27.68,22.26,25.44,27.24,18.23,18.09,7.35,9.14,10.53,9.27,4.62,5.47,0.00,0.32,6.14,8.22
69,Magdeburg,ST,229198,155292,155384,67.75,67.79,34177,28700,39233,41022,23398,23446,12139,14673,15137,16449,14381,16352,,654,22.01,18.47,25.26,26.40,15.07,15.09,7.82,9.44,9.75,10.59,9.26,10.52,0.00,0.42,10.84,9.07
70,Dessau – Wittenberg,ST,169749,113819,113969,67.05,67.14,39042,26740,22178,29843,22002,21630,7591,10402,9003,9635,7632,6531,,423,34.30,23.46,19.49,26.19,19.33,18.98,6.67,9.13,7.91,8.45,6.71,5.73,0.00,0.37,5.60,7.69
71,Anhalt,ST,214563,137196,137446,63.94,64.06,32295,29823,28386,33055,33225,31003,10637,12705,20246,14249,4587,5470,,370,23.54,21.70,20.69,24.05,24.22,22.56,7.75,9.24,14.76,10.37,3.34,3.98,0.00,0.27,5.70,7.84
72,Halle,ST,209765,147071,147224,70.11,70.19,30499,26282,42335,34686,22517,21914,11867,15150,19247,17180,12521,19915,,678,20.74,17.85,28.79,23.56,15.31,14.88,8.07,10.29,13.09,11.67,8.51,13.53,0.00,0.46,5.50,7.76
73,Burgenland – Saalekreis,ST,184352,124293,124579,67.42,67.58,32649,26535,27165,28460,32328,31000,11764,12785,12419,10630,4207,5002,,404,26.27,21.30,21.86,22.84,26.01,24.88,9.46,10.26,9.99,8.53,3.38,4.02,0.00,0.32,3.03,7.84
74,Mansfeld,ST,198676,131337,131581,66.11,66.23,32732,28411,30969,32109,32930,31476,11089,12792,13108,11680,3820,4835,,341,24.92,21.59,23.58,24.40,25.07,23.92,8.44,9.72,9.98,8.88,2.91,3.67,0.00,0.26,5.09,7.55
75,Berlin-Mitte,BE,207010,138594,138799,66.95,67.05,19216,16526,30611,28881,7632,7810,8448,11040,19764,19610,42443,42486,809,579,13.86,11.91,22.09,20.81,5.51,5.63,6.10,7.95,14.26,14.13,30.62,30.61,0.58,0.42,6.98,8.55
76,Berlin-Pankow,BE,233069,134134,134342,57.55,57.64,23439,22455,21387,20245,19023,19426,4069,4932,19048,19157,35919,34836,852,622,17.47,16.71,15.94,15.07,14.18,14.46,3.03,3.67,14.20,14.26,26.78,25.93,0.64,0.46,7.75,9.43
77,Berlin-Reinickendorf,BE,175195,111709,111952,63.76,63.90,32972,29580,26901,25740,12583,12731,8333,10331,5194,5067,15523,17477,,348,29.52,26.42,24.08,22.99,11.26,11.37,7.46,9.23,4.65,4.53,13.90,15.61,0.00,0.31,9.13,9.54
78,Berlin-Spandau – Charlottenburg Nord,BE,179896,119815,119955,66.60,66.68,28647,26158,39062,32853,12440,12780,9954,11798,6484,6074,14004,17193,,480,23.91,21.81,32.60,27.39,10.38,10.65,8.31,9.84,5.41,5.06,11.69,14.33,0.00,0.40,7.70,10.52
79,Berlin-Steglitz-Zehlendorf,BE,217506,169542,169580,77.95,77.97,48530,39905,41371,40677,9277,10036,14929,20813,7196,8076,37751,38460,666,556,28.62,23.53,24.40,23.99,5.47,5.92,8.81,12.27,4.24,4.76,22.27,22.68,0.39,0.33,5.79,6.52
80,Berlin-Charlottenburg-Wilmersdorf,BE,195586,131816,131799,67.40,67.39,33023,29035,33723,28894,7062,7950,10222,13934,7417,8638,33119,35201,504,398,25.05,22.03,25.58,21.92,5.36,6.03,7.75,10.57,5.63,6.55,25.13,26.71,0.38,0.30,5.12,5.88
81,Berlin-Tempelhof-Schöneberg,BE,231477,169456,169338,73.21,73.16,37902,31751,45220,41215,10013,10921,12041,15633,10177,12706,42680,42791,849,644,22.37,18.75,26.69,24.34,5.91,6.45,7.11,9.23,6.01,7.50,25.19,25.27,0.50,0.38,6.24,8.08
82,Berlin-Neukölln,BE,196593,131078,131524,66.67,66.90,25173,22400,33880,31498,10047,10089,8240,9325,16943,15616,25790,29474,,451,19.20,17.03,25.85,23.95,7.66,7.67,6.29,7.09,12.93,11.87,19.68,22.41,0.00,0.34,8.40,9.63
83,Berlin-Friedrichshain-Kreuzberg – Prenzlauer Berg Ost,BE,218824,149632,149769,68.38,68.44,12706,11990,24416,26326,6999,7379,6784,7834,27024,27862,56602,55147,851,670,8.49,8.01,16.32,17.58,4.68,4.93,4.53,5.23,18.06,18.60,37.83,36.82,0.57,0.45,9.52,8.39
84,Berlin-Treptow-Köpenick,BE,206999,154175,153871,74.48,74.33,21016,20562,23684,35690,17978,19322,8950,12190,54548,24609,15806,24686,,596,13.63,13.36,15.36,23.19,11.66,12.56,5.81,7.92,35.38,15.99,10.25,16.04,0.00,0.39,7.91,10.54
85,Berlin-Marzahn-Hellersdorf,BE,198002,131061,130849,66.19,66.08,38914,21887,18901,29991,20980,22665,5859,9372,28572,20755,8064,11207,,531,29.69,16.73,14.42,22.92,16.01,17.32,4.47,7.16,21.80,15.86,6.15,8.56,0.00,0.41,7.46,11.04
86,Berlin-Lichtenberg,BE,200461,141107,141167,70.39,70.42,17696,16891,27413,32403,17415,17916,8463,9796,36409,25840,19179,21777,,705,12.54,11.97,19.43,22.95,12.34,12.69,6.00,6.94,25.80,18.30,13.59,15.43,0.00,0.50,10.30,11.22
87,Aachen I,NW,176306,138913,139293,78.79,79.01,35562,31772,33087,30588,5314,5427,10906,15032,6161,7453,41942,40421,,542,25.60,22.81,23.82,21.96,3.83,3.90,7.85,10.79,4.44,5.35,30.19,29.02,0.00,0.39,4.28,5.78
88,Aachen II,NW,226420,168787,169087,74.55,74.68,54808,49838,58189,53408,12632,12409,12055,17892,4496,5259,19976,19918,,613,32.47,29.47,34.47,31.59,7.48,7.34,7.14,10.58,2.66,3.11,11.84,11.78,0.00,0.36,3.93,5.77
89,Heinsberg,NW,192346,143719,143971,74.72,74.85,57095,46466,37249,38822,10965,11359,10691,16023,3608,4529,15368,16858,,532,39.73,32.27,25.92,26.97,7.63,7.89,7.44,11.13,2.51,3.15,10.69,11.71,0.00,0.37,6.08,6.52
90,Düren,NW,199656,151938,152129,76.10,76.20,55719,46217,46734,44058,12947,13171,11237,17104,3449,4570,14174,16951,1146,730,36.67,30.38,30.76,28.96,8.52,8.66,7.40,11.24,2.27,3.00,9.33,11.14,0.75,0.48,4.30,6.13
91,Rhein-Erft-Kreis I,NW,249035,192953,193401,77.48,77.66,63635,55068,58858,54714,13537,13417,17542,24227,5889,5682,25409,27566,2860,1237,32.98,28.47,30.50,28.29,7.02,6.94,9.09,12.53,3.05,2.94,13.17,14.25,1.48,0.64,2.71,5.94
92,Euskirchen – Rhein-Erft-Kreis II,NW,249198,190783,191274,76.56,76.76,65981,58081,50892,50949,14999,14894,19805,23314,4993,5730,25005,26161,1189,825,34.58,30.37,26.68,26.64,7.86,7.79,10.38,12.19,2.62,3.00,13.11,13.68,0.62,0.43,4.15,5.92
93,Köln I,NW,190630,139804,140080,73.34,73.48,31636,27695,38985,36933,8789,8363,11490,15040,7213,8267,33405,33501,,548,22.63,19.77,27.89,26.37,6.29,5.97,8.22,10.74,5.16,5.90,23.89,23.92,0.00,0.39,5.93,6.95
94,Köln II,NW,242483,203983,204333,84.12,84.27,50918,41834,40103,43193,5587,5891,16950,26470,8771,10399,70658,65240,,558,24.96,20.47,19.66,21.14,2.74,2.88,8.31,12.95,4.30,5.09,34.64,31.93,0.00,0.27,5.39,5.26
95,Köln III,NW,204539,154135,154402,75.36,75.49,28674,27485,46149,39901,8015,7876,10708,13845,8435,9903,43600,44407,,466,18.60,17.80,29.94,25.84,5.20,5.10,6.95,8.97,5.47,6.41,28.29,28.76,0.00,0.30,5.55,6.81
96,Bonn,NW,230215,184110,184444,79.97,80.12,44872,41551,46251,41641,7448,7750,23198,21902,6675,10026,46467,50174,,611,24.37,22.53,25.12,22.58,4.05,4.20,12.60,11.87,3.63,5.44,25.24,27.20,0.00,0.33,5.00,5.85
97,Rhein-Sieg-Kreis I,NW,238627,186466,186824,78.14,78.29,60776,51474,53213,49529,13045,13604,16604,23122,6242,6353,26270,29305,,804,32.59,27.55,28.54,26.51,7.00,7.28,8.90,12.38,3.35,3.40,14.09,15.69,0.00,0.43,5.53,6.76
98,Rhein-Sieg-Kreis II,NW,216063,175320,175421,81.14,81.19,70144,51795,41004,41753,10385,10551,13914,23435,4607,5687,26956,31027,,599,40.01,29.53,23.39,23.80,5.92,6.01,7.94,13.36,2.63,3.24,15.38,17.69,0.00,0.34,4.74,6.03
99,Oberbergischer Kreis,NW,206640,158507,158674,76.71,76.79,53757,44018,42461,42413,15071,15211,15636,19796,4587,5153,19015,19959,,652,33.91,27.74,26.79,26.73,9.51,9.59,9.86,12.48,2.89,3.25,12.00,12.58,0.00,0.41,5.03,7.23
100,Rheinisch-Bergischer Kreis,NW,217193,175584,175896,80.84,80.99,52714,48224,39827,44429,9518,10051,29576,24373,4845,5222,31626,32285,,554,30.02,27.42,22.68,25.26,5.42,5.71,16.84,13.86,2.76,2.97,18.01,18.35,0.00,0.31,4.26,6.12
101,Leverkusen – Köln IV,NW,209102,152760,153000,73.06,73.17,31197,33246,69662,44586,10797,10966,11050,15931,5657,7318,17290,29329,,664,20.42,21.73,45.60,29.14,7.07,7.17,7.23,10.41,3.70,4.78,11.32,19.17,0.00,0.43,4.65,7.16
102,Wuppertal I,NW,202528,144958,145399,71.57,71.79,31960,30527,54065,42421,11995,12090,13756,15970,6742,8055,18932,25388,,533,22.05,21.00,37.30,29.18,8.27,8.32,9.49,10.98,4.65,5.54,13.06,17.46,0.00,0.37,5.18,7.16
103,Solingen – Remscheid – Wuppertal II,NW,220204,161969,162218,73.55,73.67,44778,39413,52852,48196,12335,12506,17406,20256,5099,6076,20967,24296,,624,27.65,24.30,32.63,29.71,7.62,7.71,10.75,12.49,3.15,3.75,12.95,14.98,0.00,0.38,5.27,6.69
104,Mettmann I,NW,203030,157896,158308,77.77,77.97,47326,43354,39326,42385,10704,10658,14873,21083,4252,4956,36095,25430,,652,29.97,27.39,24.91,26.77,6.78,6.73,9.42,13.32,2.69,3.13,22.86,16.06,0.00,0.41,3.37,6.18
105,Mettmann II,NW,160175,122597,122892,76.54,76.72,38429,33254,37635,34409,8894,9104,11158,16235,3395,3887,17730,18112,,613,31.35,27.06,30.70,28.00,7.25,7.41,9.10,13.21,2.77,3.16,14.46,14.74,0.00,0.50,4.37,5.92
106,Düsseldorf I,NW,220827,173948,174303,78.77,78.93,54158,44892,38955,38195,7002,7495,24242,27743,5094,6741,36926,39452,,516,31.13,25.76,22.39,21.91,4.03,4.30,13.94,15.92,2.93,3.87,21.23,22.63,0.00,0.30,4.35,5.32
107,Düsseldorf II,NW,190102,141134,141432,74.24,74.40,34801,31639,41169,35671,8214,8503,14143,17335,5418,6931,30201,31524,,517,24.66,22.37,29.17,25.22,5.82,6.01,10.02,12.26,3.84,4.90,21.40,22.29,0.00,0.37,5.09,6.58
108,Neuss I,NW,213250,160562,160966,75.29,75.48,57445,48166,51391,43760,10801,11298,12932,20333,4153,4771,18051,21951,,607,35.78,29.92,32.01,27.19,6.73,7.02,8.05,12.63,2.59,2.96,11.24,13.64,0.00,0.38,3.61,6.26
109,Mönchengladbach,NW,185185,127939,128405,69.09,69.34,45550,36555,37548,34877,9915,9641,10957,15459,,4927,17302,18166,,467,35.60,28.47,29.35,27.16,7.75,7.51,8.56,12.04,0.00,3.84,13.52,14.15,0.00,0.36,5.21,6.47
110,Krefeld I – Neuss II,NW,200048,154206,154594,77.08,77.28,51500,45635,39253,39407,9150,9342,18781,22069,4319,4680,24383,24014,,580,33.40,29.52,25.45,25.49,5.93,6.04,12.18,14.28,2.80,3.03,15.81,15.53,0.00,0.38,4.42,5.74
111,Viersen,NW,227166,173345,173752,76.31,76.49,62123,52896,47806,46375,10312,10357,15140,22281,5558,5203,24394,25673,,632,35.84,30.44,27.58,26.69,5.95,5.96,8.73,12.82,3.21,2.99,14.07,14.78,0.00,0.36,4.62,5.95
112,Kleve,NW,225463,169465,169767,75.16,75.30,63701,54793,48142,47837,9788,9632,14821,19542,4235,4728,23477,23587,,605,37.59,32.28,28.41,28.18,5.78,5.67,8.75,11.51,2.50,2.78,13.85,13.89,0.00,0.36,3.13,5.33
113,Wesel I,NW,206270,159165,159497,77.16,77.32,47448,42544,54488,53277,10842,10994,14452,17302,4598,5103,19928,20629,,515,29.81,26.67,34.23,33.40,6.81,6.89,9.08,10.85,2.89,3.20,12.52,12.93,0.00,0.32,4.65,5.73
114,Krefeld II – Wesel II,NW,175852,130286,130616,74.09,74.28,37033,32316,45852,41476,9077,9189,10954,14899,4100,4703,17398,19539,,506,28.42,24.74,35.19,31.75,6.97,7.04,8.41,11.41,3.15,3.60,13.35,14.96,0.00,0.39,4.51,6.12
115,Duisburg I,NW,163394,117280,117594,71.78,71.97,24299,23166,47314,41308,11101,9802,8203,10593,5500,5580,16777,17912,,487,20.72,19.70,40.34,35.13,9.47,8.34,6.99,9.01,4.69,4.75,14.31,15.23,0.00,0.41,3.48,7.44
116,Duisburg II,NW,155265,96809,97166,62.35,62.58,19404,18168,38162,35842,13361,11834,6901,7913,4889,4508,10518,10287,,379,20.04,18.70,39.42,36.89,13.80,12.18,7.13,8.14,5.05,4.64,10.86,10.59,0.00,0.39,3.69,8.48
117,Oberhausen – Wesel III,NW,199156,143754,144016,72.18,72.31,32277,30770,55790,53034,13601,13099,10132,13573,4908,5613,17171,17945,,515,22.45,21.37,38.81,36.83,9.46,9.10,7.05,9.42,3.41,3.90,11.94,12.46,0.00,0.36,6.87,6.57
118,Mülheim – Essen I,NW,182895,138155,138589,75.54,75.78,33090,32698,50168,46084,11704,11135,11884,15188,3663,4494,19547,20232,,450,23.95,23.59,36.31,33.25,8.47,8.03,8.60,10.96,2.65,3.24,14.15,14.60,0.00,0.32,5.86,5.99
119,Essen II,NW,156298,104198,104409,66.67,66.80,23735,21039,39410,35363,12015,11521,6976,9531,4325,4525,12647,13971,,349,22.78,20.15,37.82,33.87,11.53,11.03,6.69,9.13,4.15,4.33,12.14,13.38,0.00,0.33,4.88,7.77
120,Essen III,NW,190335,151847,152063,79.78,79.89,46635,37053,45612,42629,8225,8398,10871,17995,5030,6117,28745,30764,,443,30.71,24.37,30.04,28.03,5.42,5.52,7.16,11.83,3.31,4.02,18.93,20.23,0.00,0.29,4.43,5.70
121,Recklinghausen I,NW,165193,120519,120737,72.96,73.09,30845,27988,49437,42552,11087,10927,8481,11989,3605,4239,12833,15180,,473,25.59,23.18,41.02,35.24,9.20,9.05,7.04,9.93,2.99,3.51,10.65,12.57,0.00,0.39,3.51,6.12
122,Recklinghausen II,NW,186413,136374,136738,73.16,73.35,38325,33610,51050,48563,13108,12522,11283,13571,3881,4084,14836,15627,,548,28.10,24.58,37.43,35.52,9.61,9.16,8.27,9.92,2.85,2.99,10.88,11.43,0.00,0.40,2.85,6.01
123,Gelsenkirchen,NW,168496,111084,111284,65.93,66.05,21954,22091,44965,41326,15555,14204,9014,9721,3559,3853,11286,11170,,394,19.76,19.85,40.48,37.14,14.00,12.76,8.11,8.74,3.20,3.46,10.16,10.04,0.00,0.35,4.28,7.66
124,Steinfurt I – Borken I,NW,202388,155718,155919,76.94,77.04,62322,52625,44047,44788,8482,8385,14515,17783,3699,4469,18743,20525,,521,40.02,33.75,28.29,28.73,5.45,5.38,9.32,11.41,2.38,2.87,12.04,13.16,0.00,0.33,2.51,4.38
125,Bottrop – Recklinghausen III,NW,199344,147356,147623,73.92,74.05,39834,36814,57560,51637,14075,13899,11352,14647,3887,4484,15144,16434,,526,27.03,24.94,39.06,34.98,9.55,9.42,7.70,9.92,2.64,3.04,10.28,11.13,0.00,0.36,3.74,6.22
126,Borken II,NW,201103,160899,161276,80.01,80.20,70334,59102,40851,42303,7909,7724,13404,19081,3928,3914,20028,21738,,486,43.71,36.65,25.39,26.23,4.92,4.79,8.33,11.83,2.44,2.43,12.45,13.48,0.00,0.30,2.76,4.30
127,Coesfeld – Steinfurt II,NW,194695,159946,160182,82.15,82.27,65402,55230,40145,42647,7241,7339,12409,17927,4242,4093,27069,25506,,580,40.89,34.48,25.10,26.62,4.53,4.58,7.76,11.19,2.65,2.56,16.92,15.92,0.00,0.36,2.15,4.28
128,Steinfurt III,NW,195513,154343,154532,78.94,79.04,52445,42528,48068,50555,8785,9253,11394,16113,4611,4723,23978,23996,,482,33.98,27.52,31.14,32.71,5.69,5.99,7.38,10.43,2.99,3.06,15.54,15.53,0.00,0.31,3.28,4.45
129,Münster,NW,233953,195295,195456,83.48,83.54,51096,43790,47047,45844,5234,5603,13038,20786,7078,9746,63160,60036,,479,26.16,22.40,24.09,23.45,2.68,2.87,6.68,10.63,3.62,4.99,32.34,30.72,0.00,0.25,4.43,4.69
130,Warendorf,NW,208754,164365,164622,78.74,78.86,59631,51722,50685,47648,10211,10533,12768,18193,4074,4525,21245,23309,,535,36.28,31.42,30.84,28.94,6.21,6.40,7.77,11.05,2.48,2.75,12.93,14.16,0.00,0.32,3.50,4.95
131,Gütersloh I,NW,234177,178122,178348,76.06,76.16,71185,52421,45878,47371,12812,13299,13507,21211,4284,5173,22851,28308,,613,39.96,29.39,25.76,26.56,7.19,7.46,7.58,11.89,2.41,2.90,12.83,15.87,0.00,0.34,4.27,5.58
132,Bielefeld – Gütersloh II,NW,243059,183864,184163,75.65,75.77,40928,37355,55234,50009,12294,12448,17793,20658,9905,11462,40015,40161,,683,22.26,20.28,30.04,27.15,6.69,6.76,9.68,11.22,5.39,6.22,21.76,21.81,0.00,0.37,4.19,6.18
133,Herford – Minden-Lübbecke II,NW,226894,168818,169056,74.40,74.51,45138,39769,61554,53359,15855,16144,14021,19884,5332,6038,18090,22732,,565,26.74,23.52,36.46,31.56,9.39,9.55,8.31,11.76,3.16,3.57,10.72,13.45,0.00,0.33,5.23,6.25
134,Minden-Lübbecke I,NW,201888,151516,151572,75.05,75.08,39679,35814,58168,49351,13445,13892,12494,17486,3940,4857,15886,19762,,542,26.19,23.63,38.39,32.56,8.87,9.17,8.25,11.54,2.60,3.20,10.48,13.04,0.00,0.36,5.22,6.51
135,Lippe I,NW,224415,170505,170871,75.98,76.14,44650,39001,52359,53130,16221,16789,16648,20221,5283,6414,26932,23276,,637,26.19,22.82,30.71,31.09,9.51,9.83,9.76,11.83,3.10,3.75,15.80,13.62,0.00,0.37,4.93,6.67
136,Höxter – Gütersloh III – Lippe II,NW,172435,132930,133088,77.09,77.18,53294,43265,37210,36253,11244,11533,9462,15488,3345,3762,12685,14717,,566,40.09,32.51,27.99,27.24,8.46,8.67,7.12,11.64,2.52,2.83,9.54,11.06,0.00,0.43,4.28,5.64
137,Paderborn,NW,231534,176837,176982,76.38,76.44,84669,58419,33513,39089,13152,14360,9845,21877,5532,5858,22926,26981,,600,47.88,33.01,18.95,22.09,7.44,8.11,5.57,12.36,3.13,3.31,12.96,15.25,0.00,0.34,4.07,5.54
138,Hagen – Ennepe-Ruhr-Kreis I,NW,201594,143100,143609,70.98,71.24,37718,34210,47581,47400,14419,13760,13531,16179,4552,4857,17954,17237,,573,26.36,23.82,33.25,33.01,10.08,9.58,9.46,11.27,3.18,3.38,12.55,12.00,0.00,0.40,5.13,6.54
139,Ennepe-Ruhr-Kreis II,NW,175283,135454,135700,77.28,77.42,33357,29855,47993,45664,9731,9654,11530,14432,3715,5029,21734,21941,1434,804,24.63,22.00,35.43,33.65,7.18,7.11,8.51,10.64,2.74,3.71,16.05,16.17,1.06,0.59,4.40,6.13
140,Bochum I,NW,202393,152067,153588,75.13,75.89,32962,29811,58235,50162,,10232,13657,14583,9361,8225,28288,30795,,531,21.68,19.41,38.30,32.66,0.00,6.66,8.98,9.49,6.16,5.36,18.60,20.05,0.00,0.35,6.29,6.02
141,Herne – Bochum II,NW,173939,121510,121841,69.86,70.05,24027,23164,52792,46578,11863,11882,8455,10623,4667,5029,14262,15383,,582,19.77,19.01,43.45,38.23,9.76,9.75,6.96,8.72,3.84,4.13,11.74,12.63,0.00,0.48,4.48,7.06
142,Dortmund I,NW,206727,154716,154874,74.84,74.92,30051,27797,51037,50117,10577,10746,10416,14550,5908,7566,26308,31867,,680,19.42,17.95,32.99,32.36,6.84,6.94,6.73,9.39,3.82,4.89,17.00,20.58,0.00,0.44,13.20,7.46
143,Dortmund II,NW,199317,142557,142790,71.52,71.64,28897,27650,55695,51080,11816,11290,10270,13629,5823,6361,21028,21714,,626,20.27,19.36,39.07,35.77,8.29,7.91,7.20,9.54,4.08,4.45,14.75,15.21,0.00,0.44,6.33,7.31
144,Unna I,NW,194493,146761,146936,75.46,75.55,36810,31995,59869,53490,11736,11428,9137,15286,4731,5154,20340,20022,,534,25.08,21.77,40.79,36.40,8.00,7.78,6.23,10.40,3.22,3.51,13.86,13.63,0.00,0.36,2.82,6.14
145,Hamm – Unna II,NW,231226,167052,167428,72.25,72.41,44266,40444,67774,59227,15562,15497,12058,16764,6285,5694,16958,19149,,640,26.50,24.16,40.57,35.37,9.32,9.26,7.22,10.01,3.76,3.40,10.15,11.44,0.00,0.38,2.48,5.98
146,Soest,NW,231811,177449,177829,76.55,76.71,58791,51697,54614,51061,13992,14206,17826,21005,5548,5520,22154,24089,,666,33.13,29.07,30.78,28.71,7.89,7.99,10.05,11.81,3.13,3.10,12.48,13.55,0.00,0.37,2.55,5.39
147,Hochsauerlandkreis,NW,200496,155417,155494,77.52,77.55,62810,52017,50056,44640,10068,11532,10806,18712,2685,3989,12478,15473,,462,40.41,33.45,32.21,28.71,6.48,7.42,6.95,12.03,1.73,2.57,8.03,9.95,0.00,0.30,4.19,5.58
148,Siegen-Wittgenstein,NW,207672,160826,160998,77.44,77.53,54042,42161,48897,50327,14424,14709,13586,18597,4900,5726,16624,17842,,485,33.60,26.19,30.40,31.26,8.97,9.14,8.45,11.55,3.05,3.56,10.34,11.08,0.00,0.30,5.19,6.93
149,Olpe – Märkischer Kreis I,NW,203350,153384,153671,75.43,75.57,56879,50364,45366,42362,13104,13100,15944,19227,3935,4150,13645,15243,,511,37.08,32.77,29.58,27.57,8.54,8.52,10.39,12.51,2.57,2.70,8.90,9.92,0.00,0.33,2.94,5.67
150,Märkischer Kreis II,NW,195816,142460,142608,72.75,72.83,47937,40368,43346,42230,12933,13082,12749,17125,4668,4804,12866,14880,,540,33.65,28.31,30.43,29.61,9.08,9.17,8.95,12.01,3.28,3.37,9.03,10.43,0.00,0.38,5.59,6.72
151,Nordsachsen,SN,161279,117665,117757,72.96,73.01,26883,23000,22257,24732,32702,32066,10251,12476,9446,8868,5883,5462,,404,22.85,19.53,18.92,21.00,27.79,27.23,8.71,10.59,8.03,7.53,5.00,4.64,0.00,0.34,8.71,9.13
152,Leipzig I,SN,224100,166127,166419,74.13,74.26,34107,24953,33588,34748,26450,25891,13397,17660,25436,20884,19778,25848,,833,20.53,14.99,20.22,20.88,15.92,15.56,8.06,10.61,15.31,12.55,11.91,15.53,0.00,0.50,8.05,9.38
153,Leipzig II,SN,231178,179459,179837,77.63,77.79,29538,23561,29731,37634,20667,20213,13271,17439,40938,26472,32995,38264,923,881,16.46,13.10,16.57,20.93,11.52,11.24,7.40,9.70,22.81,14.72,18.39,21.28,0.51,0.49,6.35,8.55
154,Leipzig-Land,SN,212853,160241,160447,75.28,75.38,39066,32711,31989,34104,39348,38458,15698,18322,12672,12362,8056,9381,,496,24.38,20.39,19.96,21.26,24.56,23.97,9.80,11.42,7.91,7.70,5.03,5.85,0.00,0.31,8.37,9.11
155,Meißen,SN,197004,147437,147594,74.84,74.92,32924,25912,22771,26045,45705,43940,13727,17212,10344,10725,7590,8872,,581,22.33,17.56,15.44,17.65,31.00,29.77,9.31,11.66,7.02,7.27,5.15,6.01,0.00,0.39,9.75,9.69
156,Bautzen I,SN,206895,157135,157088,75.95,75.93,40929,29213,21006,26674,52492,50050,12634,17187,14134,12272,4090,6247,,542,26.05,18.60,13.37,16.98,33.41,31.86,8.04,10.94,8.99,7.81,2.60,3.98,0.00,0.35,7.54,9.49
157,Görlitz,SN,204105,150823,150993,73.89,73.98,39299,27630,18928,25441,53970,49123,11222,15039,11835,11327,6182,7358,,540,26.06,18.30,12.55,16.85,35.78,32.53,7.44,9.96,7.85,7.50,4.10,4.87,0.00,0.36,6.22,9.63
158,Sächsische Schweiz-Osterzgebirge,SN,199703,152039,152154,76.13,76.19,29176,26028,17505,23545,50203,48580,12920,17814,15215,11653,6830,8023,,618,19.19,17.11,11.51,15.47,33.02,31.93,8.50,11.71,10.01,7.66,4.49,5.27,0.00,0.41,13.28,10.45
159,Dresden I,SN,228643,179543,179726,78.53,78.61,37811,27710,26271,34125,33780,32122,18588,21989,33872,18910,17137,27369,2011,1313,21.06,15.42,14.63,18.99,18.81,17.87,10.35,12.23,18.87,10.52,9.54,15.23,1.12,0.73,5.61,9.01
160,Dresden II – Bautzen II,SN,234432,187760,188005,80.09,80.20,35014,26037,28700,30620,34979,36003,20711,22884,22160,20913,25527,31265,2694,1709,18.65,13.85,15.29,16.29,18.63,19.15,11.03,12.17,11.80,11.12,13.60,16.63,1.43,0.91,9.57,9.88
161,Mittelsachsen,SN,193828,145728,145992,75.18,75.32,34638,25603,25727,27000,48725,43821,14420,16897,12164,11687,5398,6822,,514,23.77,17.54,17.65,18.49,33.44,30.02,9.90,11.57,8.35,8.01,3.70,4.67,0.00,0.35,3.19,9.35
162,Chemnitz,SN,188691,139329,139579,73.84,73.97,25801,20713,34958,32616,30502,30089,13934,15781,15229,15008,9934,12680,,440,18.52,14.84,25.09,23.37,21.89,21.56,10.00,11.31,10.93,10.75,7.13,9.08,0.00,0.32,6.44,8.78
163,Chemnitzer Umland – Erzgebirgskreis II,SN,177211,135759,135982,76.61,76.73,32111,24662,23181,27518,39264,37181,11872,15117,11330,11166,5617,6138,,362,23.65,18.14,17.08,20.24,28.92,27.34,8.74,11.12,8.35,8.21,4.14,4.51,0.00,0.27,9.12,10.18
164,Erzgebirgskreis I,SN,210941,159495,159635,75.61,75.68,40550,31340,23650,28848,50571,48794,11914,16210,12787,12078,4001,5194,,397,25.42,19.63,14.83,18.07,31.71,30.57,7.47,10.15,8.02,7.57,2.51,3.25,0.00,0.25,10.05,10.51
165,Zwickau,SN,197831,145288,145546,73.44,73.57,30798,27024,24094,30718,37135,36601,13991,15431,22583,13629,5988,7134,,463,21.20,18.57,16.58,21.11,25.56,25.15,9.63,10.60,15.54,9.36,4.12,4.90,0.00,0.32,7.36,9.99
166,Vogtlandkreis,SN,184973,135751,136143,73.39,73.60,37637,26782,26413,30436,36388,34112,11512,13708,12655,12058,6378,6263,,340,27.73,19.67,19.46,22.36,26.80,25.06,8.48,10.07,9.32,8.86,4.70,4.60,0.00,0.25,3.51,9.14
167,Waldeck,HE,184073,135990,136043,73.88,73.91,35734,30392,51613,49064,12536,12899,12062,15288,4208,4441,13581,14775,,452,26.28,22.34,37.95,36.07,9.22,9.48,8.87,11.24,3.09,3.26,9.99,10.86,0.00,0.33,4.60,6.42
168,Kassel,HE,218474,160596,160829,73.51,73.61,32765,28183,57919,51812,11348,12141,12966,16448,9357,10518,27744,30348,,694,20.40,17.52,36.07,32.22,7.07,7.55,8.07,10.23,5.83,6.54,17.28,18.87,0.00,0.43,5.29,6.64
169,Werra-Meißner – Hersfeld-Rotenburg,HE,171886,129040,129026,75.07,75.06,34527,27867,56383,48579,14204,14899,7135,12807,3890,4524,8032,11595,,343,26.76,21.60,43.69,37.65,11.01,11.55,5.53,9.93,3.01,3.51,6.22,8.99,0.00,0.27,3.77,6.52
170,Schwalm-Eder,HE,185944,139254,139171,74.89,74.85,33443,29913,54792,50100,14380,15047,12234,15422,3761,4411,12360,14089,,504,24.02,21.49,39.35,36.00,10.33,10.81,8.79,11.08,2.70,3.17,8.88,10.12,0.00,0.36,5.95,6.96
171,Marburg,HE,181588,140078,140269,77.14,77.25,36528,31042,51630,42098,12591,12558,9334,14789,6588,8089,18709,22347,,453,26.08,22.13,36.86,30.01,8.99,8.95,6.66,10.54,4.70,5.77,13.36,15.93,0.00,0.32,3.35,6.34
172,Lahn-Dill,HE,206532,151045,151400,73.13,73.31,45441,37725,49923,44546,15816,17513,12060,17327,4756,5102,13754,16957,,449,30.08,24.92,33.05,29.42,10.47,11.57,7.98,11.44,3.15,3.37,9.11,11.20,0.00,0.30,6.15,7.78
173,Gießen,HE,217514,159775,159702,73.46,73.42,47283,36201,48514,44046,14496,14836,12109,17106,6339,8028,21249,26109,,555,29.59,22.67,30.36,27.58,9.07,9.29,7.58,10.71,3.97,5.03,13.30,16.35,0.00,0.35,6.12,8.03
174,Fulda,HE,208542,161665,161704,77.52,77.54,61573,50312,35168,36343,24508,21443,13894,20528,4648,4447,13833,16324,,442,38.09,31.11,21.75,22.48,15.16,13.26,8.59,12.69,2.88,2.75,8.56,10.09,0.00,0.27,4.97,7.34
175,Main-Kinzig – Wetterau II – Schotten,HE,178307,134884,135037,75.65,75.73,37118,32685,41160,36943,17586,17079,15098,17046,4078,4308,12691,15009,,584,27.52,24.20,30.52,27.36,13.04,12.65,11.19,12.62,3.02,3.19,9.41,11.11,0.00,0.43,5.30,8.43
176,Hochtaunus,HE,179842,142456,142682,79.21,79.34,44549,37331,38424,35171,10709,11156,16132,21996,3772,4441,21769,22486,1385,739,31.27,26.16,26.97,24.65,7.52,7.82,11.32,15.42,2.65,3.11,15.28,15.76,0.97,0.52,4.01,6.56
177,Wetterau I,HE,176897,136925,137257,77.40,77.59,38807,32419,40618,35909,11318,11680,15000,19043,3904,4905,18996,21917,1633,771,28.34,23.62,29.66,26.16,8.27,8.51,10.95,13.87,2.85,3.57,13.87,15.97,1.19,0.56,4.86,7.73
178,Rheingau-Taunus – Limburg,HE,220466,169980,170482,77.10,77.33,51318,44413,48441,43708,13547,14523,18126,23745,4563,5395,24418,25328,,661,30.19,26.05,28.50,25.64,7.97,8.52,10.66,13.93,2.68,3.16,14.37,14.86,0.00,0.39,5.63,7.45
179,Wiesbaden,HE,186735,134607,134866,72.08,72.22,35375,28523,34750,33546,9192,9588,13995,18947,6652,7128,25811,26818,742,525,26.28,21.15,25.82,24.87,6.83,7.11,10.40,14.05,4.94,5.29,19.18,19.88,0.55,0.39,6.01,7.26
180,Hanau,HE,176271,129376,129652,73.40,73.55,36019,29223,40291,35739,13364,13257,13106,17158,4462,4948,15995,18258,,555,27.84,22.54,31.14,27.57,10.33,10.23,10.13,13.23,3.45,3.82,12.36,14.08,0.00,0.43,4.75,8.11
181,Main-Taunus,HE,195514,155936,156281,79.76,79.93,51985,42260,35493,34468,10588,10427,20295,26335,4272,4708,26373,26771,,510,33.34,27.04,22.76,22.06,6.79,6.67,13.01,16.85,2.74,3.01,16.91,17.13,0.00,0.33,4.44,6.91
182,Frankfurt am Main I,HE,201216,143503,143763,71.32,71.45,31163,25915,41604,32499,7909,7846,16369,21361,12562,10384,26922,33821,,645,21.72,18.03,28.99,22.61,5.51,5.46,11.41,14.86,8.75,7.22,18.76,23.53,0.00,0.45,4.86,7.85
183,Frankfurt am Main II,HE,227207,173252,173651,76.25,76.43,38995,31660,40431,38777,7990,8188,19766,25530,10629,11901,50230,44370,,686,22.51,18.23,23.34,22.33,4.61,4.72,11.41,14.70,6.13,6.85,28.99,25.55,0.00,0.40,3.01,7.22
184,Groß-Gerau,HE,174082,127336,127584,73.15,73.29,35334,27301,42598,37973,10880,11246,10726,14999,5047,5394,14890,18928,,545,27.75,21.40,33.45,29.76,8.54,8.81,8.42,11.76,3.96,4.23,11.69,14.84,0.00,0.43,6.17,8.78
185,Offenbach,HE,219511,155721,155814,70.94,70.98,43347,35754,41035,38799,11851,12098,14828,20625,7497,7787,26229,27062,1157,849,27.84,22.95,26.35,24.90,7.61,7.76,9.52,13.24,4.81,5.00,16.84,17.37,0.74,0.54,6.28,8.24
186,Darmstadt,HE,240763,186454,187028,77.44,77.68,42351,34472,51046,49273,11210,12194,17192,22256,9332,10764,44364,41948,,846,22.71,18.43,27.38,26.35,6.01,6.52,9.22,11.90,5.00,5.76,23.79,22.43,0.00,0.45,5.88,8.17
187,Odenwald,HE,233901,176810,177126,75.59,75.73,49367,42857,57172,49518,14963,15983,17110,22433,5991,6333,21630,24694,,727,27.92,24.20,32.34,27.96,8.46,9.02,9.68,12.66,3.39,3.58,12.23,13.94,0.00,0.41,5.98,8.23
188,Bergstraße,HE,197782,151250,151443,76.47,76.57,46125,37064,41124,41124,14351,14377,16175,20432,4149,4629,20955,21457,,617,30.50,24.47,27.19,27.15,9.49,9.49,10.69,13.49,2.74,3.06,13.85,14.17,0.00,0.41,5.53,7.75
189,Eichsfeld – Nordhausen – Kyffhäuserkreis,TH,209203,152490,152678,72.89,72.98,40599,33662,34010,37282,34645,34296,10348,13695,16586,15166,5901,7176,,483,26.62,22.05,22.30,24.42,22.72,22.46,6.79,8.97,10.88,9.93,3.87,4.70,0.00,0.32,6.82,7.15
190,Eisenach – Wartburgkreis – Unstrut-Hainich-Kreis,TH,212267,154008,154221,72.55,72.65,35415,28249,36729,38363,38166,37737,8869,13258,17216,15872,5447,7469,,558,23.00,18.32,23.85,24.88,24.78,24.47,5.76,8.60,11.18,10.29,3.54,4.84,0.00,0.36,7.90,8.24
191,Jena – Sömmerda – Weimarer Land I,TH,198697,152251,152575,76.62,76.79,28170,23869,30673,34195,29578,30263,10686,14070,25741,19505,14656,16709,,859,18.50,15.64,20.15,22.41,19.43,19.83,7.02,9.22,16.91,12.78,9.63,10.95,0.00,0.56,8.37,8.59
192,Gotha – Ilm-Kreis,TH,190519,140584,140648,73.79,73.82,25918,21820,33085,33437,37249,36522,9494,12126,15579,15454,6498,8100,,759,18.44,15.51,23.53,23.77,26.50,25.97,6.75,8.62,11.08,10.99,4.62,5.76,0.00,0.54,9.08,8.84
193,Erfurt – Weimar – Weimarer Land II,TH,217944,164662,164998,75.55,75.71,28639,23580,40185,39378,27235,26803,12309,15504,26972,23055,19483,21831,,1203,17.39,14.29,24.40,23.87,16.54,16.24,7.48,9.40,16.38,13.97,11.83,13.23,0.00,0.73,5.98,8.27
194,Gera – Greiz – Altenburger Land,TH,229588,165630,166043,72.14,72.32,33067,27303,36760,36326,48034,46659,14273,16212,19421,18666,6293,7331,,706,19.96,16.44,22.19,21.88,29.00,28.10,8.62,9.76,11.73,11.24,3.80,4.42,0.00,0.43,4.70,7.73
195,Saalfeld-Rudolstadt – Saale-Holzland-Kreis – Saale-Orla-Kreis,TH,219437,164494,164623,74.96,75.02,34489,27008,30791,35019,48177,46381,12343,15428,19968,18489,6292,7383,,645,20.97,16.41,18.72,21.27,29.29,28.17,7.50,9.37,12.14,11.23,3.83,4.48,0.00,0.39,7.56,8.67
196,Suhl – Schmalkalden-Meiningen – Hildburghausen – Sonneberg,TH,230071,168962,169125,73.44,73.51,37729,27923,56791,42446,35887,44572,10686,13990,14135,18486,3615,7221,1313,1078,22.33,16.51,33.61,25.10,21.24,26.35,6.32,8.27,8.37,10.93,2.14,4.27,0.78,0.64,5.21,7.93
197,Neuwied,RP,238118,179779,180293,75.50,75.72,57430,48338,54320,54018,16810,17504,15931,20751,5005,5417,16559,18930,,701,31.94,26.81,30.21,29.96,9.35,9.71,8.86,11.51,2.78,3.00,9.21,10.50,0.00,0.39,7.63,8.12
198,Ahrweiler,RP,195109,146605,147087,75.14,75.39,50281,41942,44325,42303,10823,11322,12124,17484,3537,3851,15553,17685,,673,34.30,28.52,30.23,28.76,7.38,7.70,8.27,11.89,2.41,2.62,10.61,12.02,0.00,0.46,6.80,8.04
199,Koblenz,RP,193035,145312,145903,75.28,75.58,46073,37958,43416,42817,9753,10426,11179,16371,4054,4804,17980,21007,,725,31.71,26.02,29.88,29.35,6.71,7.15,7.69,11.22,2.79,3.29,12.37,14.40,0.00,0.50,8.85,8.08
200,Mosel/Rhein-Hunsrück,RP,171102,132369,133262,77.36,77.88,45364,38664,35570,38015,10646,11061,15664,16664,,3725,12833,12230,,506,34.27,29.01,26.87,28.53,8.04,8.30,11.83,12.50,0.00,2.80,9.69,9.18,0.00,0.38,9.29,9.30
201,Kreuznach,RP,182380,136101,136658,74.62,74.93,39589,33433,44976,44259,12972,13510,9753,15704,4294,4454,9958,12903,,497,29.09,24.46,33.05,32.39,9.53,9.89,7.17,11.49,3.16,3.26,7.32,9.44,0.00,0.36,10.70,8.71
202,Bitburg,RP,163493,122597,123054,74.99,75.27,46340,37086,33632,34343,7947,8794,9011,13997,2875,3265,8512,11411,,364,37.80,30.14,27.43,27.91,6.48,7.15,7.35,11.37,2.35,2.65,6.94,9.27,0.00,0.30,11.65,11.21
203,Trier,RP,190530,145433,145631,76.33,76.43,40299,34578,47942,44123,8230,9001,10135,16206,5126,5712,18939,22708,,538,27.71,23.74,32.97,30.30,5.66,6.18,6.97,11.13,3.52,3.92,13.02,15.59,0.00,0.37,10.15,8.77
204,Montabaur,RP,210816,161993,162711,76.84,77.18,48607,43125,50975,49346,14090,14565,15101,19021,4483,4690,14176,16832,,588,30.01,26.50,31.47,30.33,8.70,8.95,9.32,11.69,2.77,2.88,8.75,10.34,0.00,0.36,8.99,8.94
205,Mainz,RP,249630,200001,201288,80.12,80.63,47153,42659,49878,53889,10360,10833,14408,23178,24863,9418,37319,46183,1118,970,23.58,21.19,24.94,26.77,5.18,5.38,7.20,11.51,12.43,4.68,18.66,22.94,0.56,0.48,7.45,7.03
206,Worms,RP,212943,164145,164822,77.08,77.40,52827,37548,49748,49656,16043,17033,12966,20095,5070,5068,15949,20799,,890,32.18,22.78,30.31,30.13,9.77,10.33,7.90,12.19,3.09,3.07,9.72,12.62,0.00,0.54,7.03,8.33
207,Ludwigshafen/Frankenthal,RP,210969,152789,153258,72.42,72.64,38193,33726,50108,45895,17740,18075,13688,18421,4648,4651,17061,18128,,658,25.00,22.01,32.80,29.95,11.61,11.79,8.96,12.02,3.04,3.03,11.17,11.83,0.00,0.43,7.43,8.94
208,Neustadt – Speyer,RP,219416,171650,172322,78.23,78.54,51770,41322,48158,47121,17204,17499,14624,21823,4535,4880,20869,23949,,577,30.16,23.98,28.06,27.34,10.02,10.15,8.52,12.66,2.64,2.83,12.16,13.90,0.00,0.33,8.44,8.79
209,Kaiserslautern,RP,224701,166797,167464,74.23,74.53,35803,33226,56523,54460,20002,20702,11870,17242,6753,6383,14589,17611,,695,21.47,19.84,33.89,32.52,11.99,12.36,7.12,10.30,4.05,3.81,8.75,10.52,0.00,0.42,12.74,10.24
210,Pirmasens,RP,174093,130466,130723,74.94,75.09,39236,33507,39711,38261,16512,17178,9895,14374,3678,4207,7891,9877,,489,30.07,25.63,30.44,29.27,12.66,13.14,7.58,11.00,2.82,3.22,6.05,7.56,0.00,0.37,10.38,9.81
211,Südpfalz,RP,217000,169632,169676,78.17,78.19,47860,39421,47901,47028,16658,17702,17011,21120,5222,5598,19058,22882,,659,28.21,23.23,28.24,27.72,9.82,10.43,10.03,12.45,3.08,3.30,11.23,13.49,0.00,0.39,9.39,9.00
212,Altötting,BY,168656,128561,128760,76.23,76.34,55693,44060,14620,18309,14220,13940,9245,13298,3155,2769,11145,12248,,389,43.32,34.22,11.37,14.22,11.06,10.83,7.19,10.33,2.45,2.15,8.67,9.51,0.00,0.30,15.93,18.44
213,Erding – Ebersberg,BY,200569,167205,167603,83.37,83.56,70656,55992,24205,25693,11448,12228,13226,20228,3355,3648,24840,24620,,534,42.26,33.41,14.48,15.33,6.85,7.30,7.91,12.07,2.01,2.18,14.86,14.69,0.00,0.32,11.65,14.71
214,Freising,BY,237250,192765,193119,81.25,81.40,69689,62930,25950,29085,18042,17515,14687,21738,3898,4456,24058,26055,,554,36.15,32.59,13.46,15.06,9.36,9.07,7.62,11.26,2.02,2.31,12.48,13.49,0.00,0.29,18.90,15.94
215,Fürstenfeldbruck,BY,231905,191290,191852,82.49,82.73,72721,63944,36831,31141,13056,13209,16029,23046,3216,4192,25363,30537,,683,38.02,33.33,19.25,16.23,6.83,6.88,8.38,12.01,1.68,2.19,13.26,15.92,0.00,0.36,12.59,13.08
216,Ingolstadt,BY,238384,186228,186539,78.12,78.25,83663,64577,25954,31592,17806,18694,10877,19797,4648,4450,18182,20833,,533,44.93,34.62,13.94,16.94,9.56,10.02,5.84,10.61,2.50,2.39,9.76,11.17,0.00,0.29,13.48,13.97
217,München-Nord,BY,223683,174671,174902,78.09,78.19,44854,39986,38172,33241,7591,8250,19477,25953,6216,7044,42319,44861,,488,25.68,22.86,21.85,19.01,4.35,4.72,11.15,14.84,3.56,4.03,24.23,25.65,0.00,0.28,9.18,8.62
218,München-Ost,BY,242591,193052,193271,79.58,79.67,61159,49286,38243,36106,8066,8978,18104,27112,4907,7080,42367,47647,,654,31.68,25.50,19.81,18.68,4.18,4.65,9.38,14.03,2.54,3.66,21.95,24.65,0.00,0.34,10.47,8.49
219,München-Süd,BY,214606,172129,172371,80.21,80.32,46059,40585,33924,33117,7641,7910,16437,21495,6236,7669,47256,45562,,608,26.76,23.55,19.71,19.21,4.44,4.59,9.55,12.47,3.62,4.45,27.45,26.43,0.00,0.35,8.47,8.95
220,München-West/Mitte,BY,242252,197317,197625,81.45,81.58,53311,45540,39182,37513,7594,8403,19153,26401,6975,8219,53174,54303,,614,27.02,23.04,19.86,18.98,3.85,4.25,9.71,13.36,3.53,4.16,26.95,27.48,0.00,0.31,9.09,8.42
221,München-Land,BY,234912,198292,198610,84.41,84.55,77523,64669,30237,34189,9816,10489,18180,28696,3685,4449,40475,36817,,659,39.10,32.56,15.25,17.21,4.95,5.28,9.17,14.45,1.86,2.24,20.41,18.54,0.00,0.33,9.27,9.39
222,Rosenheim,BY,237390,190064,190561,80.06,80.27,68670,59126,22869,27406,15764,16570,17682,23049,4091,4607,26183,25962,,566,36.13,31.03,12.03,14.38,8.29,8.70,9.30,12.10,2.15,2.42,13.78,13.62,0.00,0.30,18.31,17.46
223,Bad Tölz-Wolfratshausen – Miesbach,BY,166662,134341,135356,80.61,81.22,55501,46304,15428,18276,,10835,11636,17048,2643,2908,20829,18138,,398,41.31,34.21,11.48,13.50,0.00,8.00,8.66,12.59,1.97,2.15,15.50,13.40,0.00,0.29,21.07,15.85
224,Starnberg – Landsberg am Lech,BY,214828,179820,180264,83.70,83.91,68617,57906,23985,28584,10715,11066,16585,23893,3701,4446,35809,32663,,600,38.16,32.12,13.34,15.86,5.96,6.14,9.22,13.25,2.06,2.47,19.91,18.12,0.00,0.33,11.35,11.71
225,Traunstein,BY,208815,162594,163059,77.87,78.09,59555,51421,27644,25190,12671,14027,12268,15747,3537,3943,17219,19985,,413,36.63,31.54,17.00,15.45,7.79,8.60,7.55,9.66,2.18,2.42,10.59,12.26,0.00,0.25,18.27,19.83
226,Weilheim,BY,168473,136595,137160,81.08,81.41,57179,48178,19682,19927,9686,10873,8553,14311,2718,3124,16300,18397,,375,41.86,35.13,14.41,14.53,7.09,7.93,6.26,10.43,1.99,2.28,11.93,13.41,0.00,0.27,16.46,16.02
227,Deggendorf,BY,166186,126502,126644,76.12,76.21,47267,42154,19527,19873,17432,17911,6325,10778,1895,2301,6890,8516,459,333,37.36,33.29,15.44,15.69,13.78,14.14,5.00,8.51,1.50,1.82,5.45,6.72,0.36,0.26,21.11,19.57
228,Landshut,BY,246854,193950,194766,78.57,78.90,70685,64383,22468,30931,19184,19973,22774,20204,3955,4186,21811,20087,,559,36.44,33.06,11.58,15.88,9.89,10.25,11.74,10.37,2.04,2.15,11.25,10.31,0.00,0.29,17.05,17.68
229,Passau,BY,177563,135480,136052,76.30,76.62,41530,44215,28341,23892,16215,16023,10513,12782,2681,3093,12098,12645,,351,30.65,32.50,20.92,17.56,11.97,11.78,7.76,9.39,1.98,2.27,8.93,9.29,0.00,0.26,17.79,16.94
230,Rottal-Inn,BY,173632,132447,133246,76.28,76.74,46493,45687,15794,19108,16808,16384,10210,12904,1912,2487,10188,9495,,300,35.10,34.29,11.92,14.34,12.69,12.30,7.71,9.68,1.44,1.87,7.69,7.13,0.00,0.23,23.44,20.17
231,Straubing,BY,173772,132078,132243,76.01,76.10,58487,46742,16312,19938,16794,17402,6895,11603,1936,2468,8613,8964,,250,44.28,35.35,12.35,15.08,12.72,13.16,5.22,8.77,1.47,1.87,6.52,6.78,0.00,0.19,17.44,18.81
232,Amberg,BY,216071,171997,172358,79.60,79.77,69278,60430,27476,31547,17822,17958,10213,15067,4158,4095,13908,16191,,755,40.28,35.06,15.97,18.30,10.36,10.42,5.94,8.74,2.42,2.38,8.09,9.39,0.00,0.44,16.94,15.27
233,Regensburg,BY,248192,197712,198175,79.66,79.85,69842,61187,32850,34563,16557,17343,13754,18773,6023,6798,30333,32094,,528,35.33,30.88,16.62,17.44,8.37,8.75,6.96,9.47,3.05,3.43,15.34,16.19,0.00,0.27,14.34,13.57
234,Schwandorf,BY,222424,173755,174145,78.12,78.29,60924,59430,39615,31209,23142,23508,7341,12650,3043,3394,7934,11179,,368,35.06,34.13,22.80,17.92,13.32,13.50,4.22,7.26,1.75,1.95,4.57,6.42,0.00,0.21,18.28,18.61
235,Weiden,BY,165807,131424,131356,79.26,79.22,50575,46451,29573,29461,13523,14898,6303,9601,2315,2830,6633,9170,,345,38.48,35.36,22.50,22.43,10.29,11.34,4.80,7.31,1.76,2.15,5.05,6.98,0.00,0.26,17.12,14.16
236,Bamberg,BY,182586,147795,148068,80.95,81.09,54726,49463,28123,25698,13279,14284,9821,14336,3625,4676,22728,21898,,514,37.03,33.41,19.03,17.36,8.98,9.65,6.65,9.68,2.45,3.16,15.38,14.79,0.00,0.35,10.48,11.62
237,Bayreuth,BY,162430,128330,128530,79.01,79.13,54465,43768,24840,26584,10777,11636,9182,12020,2577,3294,14064,15647,,368,42.44,34.05,19.36,20.68,8.40,9.05,7.15,9.35,2.01,2.56,10.96,12.17,0.00,0.29,9.68,11.84
238,Coburg,BY,156571,122943,123160,78.52,78.66,44890,39343,32056,31087,11878,12836,6369,10683,2337,3118,10581,11459,,343,36.51,31.94,26.07,25.24,9.66,10.42,5.18,8.67,1.90,2.53,8.61,9.30,0.00,0.28,12.06,11.60
239,Hof,BY,162872,124455,124559,76.41,76.48,51312,41308,29763,30426,14705,14560,6493,10552,2651,3004,7941,9628,,374,41.23,33.16,23.91,24.43,11.82,11.69,5.22,8.47,2.13,2.41,6.38,7.73,0.00,0.30,9.31,11.81
240,Kulmbach,BY,168923,136397,136507,80.75,80.81,65163,49389,22103,27009,14416,15774,6480,11399,2448,2982,10165,11966,,429,47.77,36.18,16.20,19.79,10.57,11.56,4.75,8.35,1.79,2.18,7.45,8.77,0.00,0.31,11.45,12.86
241,Ansbach,BY,243174,190994,191486,78.54,78.74,73312,63299,33819,37642,18418,19142,13016,16213,3798,4904,21343,22325,2180,1048,38.38,33.06,17.71,19.66,9.64,10.00,6.81,8.47,1.99,2.56,11.17,11.66,1.14,0.55,13.15,14.05
242,Erlangen,BY,187299,154431,154708,82.45,82.60,54223,44664,32036,30146,10669,10872,10382,16062,,5817,29923,31222,1259,676,35.11,28.87,20.74,19.49,6.91,7.03,6.72,10.38,0.00,3.76,19.38,20.18,0.82,0.44,10.32,9.86
243,Fürth,BY,250730,196501,196943,78.37,78.55,65876,58976,47153,42329,16858,17692,12883,18765,6221,6946,27111,29778,,826,33.52,29.95,24.00,21.49,8.58,8.98,6.56,9.53,3.17,3.53,13.80,15.12,0.00,0.42,10.38,10.98
244,Nürnberg-Nord,BY,188283,144206,144486,76.59,76.74,41027,34349,31616,30232,8485,8887,10882,14692,7726,8627,32541,34055,1849,784,28.45,23.77,21.92,20.92,5.88,6.15,7.55,10.17,5.36,5.97,22.57,23.57,1.28,0.54,6.99,8.90
245,Nürnberg-Süd,BY,177316,128423,128713,72.43,72.59,44192,38663,31098,29195,13123,12901,8777,11495,5184,4893,15566,17687,,741,34.41,30.04,24.22,22.68,10.22,10.02,6.83,8.93,4.04,3.80,12.12,13.74,0.00,0.58,8.16,10.21
246,Roth,BY,229279,188283,188730,82.12,82.31,71478,60980,31806,38786,14944,16043,12596,16974,5076,4950,25140,26197,1696,1056,37.96,32.31,16.89,20.55,7.94,8.50,6.69,8.99,2.70,2.62,13.35,13.88,0.90,0.56,13.57,12.58
247,Aschaffenburg,BY,182652,145538,145720,79.68,79.78,59269,45739,24893,30232,13954,13716,11683,16199,3536,4068,19588,20642,,551,40.72,31.39,17.10,20.75,9.59,9.41,8.03,11.12,2.43,2.79,13.46,14.17,0.00,0.38,8.67,10.00
248,Bad Kissingen,BY,214061,172540,173105,80.60,80.87,67458,65063,32844,30540,17130,18434,12206,15211,4475,4820,16467,15874,,558,39.10,37.59,19.04,17.64,9.93,10.65,7.07,8.79,2.59,2.78,9.54,9.17,0.00,0.32,12.73,13.06
249,Main-Spessart,BY,194408,156785,157067,80.65,80.79,60489,54097,33700,32771,12576,13918,9514,14151,4070,3685,15813,17806,,487,38.58,34.44,21.49,20.86,8.02,8.86,6.07,9.01,2.60,2.35,10.09,11.34,0.00,0.31,13.15,12.83
250,Schweinfurt,BY,196710,155803,156352,79.20,79.48,63697,54441,29037,30482,15468,15687,12408,15039,6552,4928,14747,17085,,574,40.88,34.82,18.64,19.50,9.93,10.03,7.96,9.62,4.21,3.15,9.47,10.93,0.00,0.37,8.92,11.59
251,Würzburg,BY,224907,183504,184702,81.59,82.12,67651,55957,33125,37079,,12220,19414,19230,7522,7027,36295,35634,,665,36.87,30.30,18.05,20.08,0.00,6.62,10.58,10.41,4.10,3.80,19.78,19.29,0.00,0.36,10.62,9.14
252,Augsburg-Stadt,BY,207543,152311,152460,73.39,73.46,42780,38653,27453,29200,13431,13888,12880,16969,7168,6952,31347,28971,,578,28.09,25.35,18.02,19.15,8.82,9.11,8.46,11.13,4.71,4.56,20.58,19.00,0.00,0.38,11.33,11.31
253,Augsburg-Land,BY,249372,203087,203667,81.44,81.67,82423,67883,29435,33405,19660,19481,16032,22301,3573,4176,24806,26207,,600,40.59,33.33,14.49,16.40,9.68,9.57,7.89,10.95,1.76,2.05,12.21,12.87,0.00,0.29,13.37,14.54
254,Donau-Ries,BY,195774,155924,156215,79.64,79.79,64045,54929,29872,25784,15723,17135,9915,15593,3048,2855,11076,14911,,627,41.07,35.16,19.16,16.51,10.08,10.97,6.36,9.98,1.95,1.83,7.10,9.55,0.00,0.40,14.27,15.61
255,Neu-Ulm,BY,241919,187334,187714,77.44,77.59,69676,59028,29960,31900,22517,22293,14542,22019,3466,4410,20621,20764,1707,927,37.19,31.45,15.99,16.99,12.02,11.88,7.76,11.73,1.85,2.35,11.01,11.06,0.91,0.49,13.26,14.05
256,Oberallgäu,BY,228803,180138,180741,78.73,78.99,53566,55017,28401,29910,14473,14350,23604,20953,4911,5043,27817,27393,,515,29.74,30.44,15.77,16.55,8.03,7.94,13.10,11.59,2.73,2.79,15.44,15.16,0.00,0.28,15.19,15.25
257,Ostallgäu,BY,250575,197125,197643,78.67,78.88,76399,62635,24288,30914,20021,19779,14258,21561,6667,5007,24128,23712,,767,38.76,31.69,12.32,15.64,10.16,10.01,7.23,10.91,3.38,2.53,12.24,12.00,0.00,0.39,15.91,16.83
258,Stuttgart I,BW,191811,156682,156838,81.69,81.77,36605,31536,20012,31003,6295,6591,16504,26036,6447,8127,62594,44559,,594,23.36,20.11,12.77,19.77,4.02,4.20,10.53,16.60,4.11,5.18,39.95,28.41,0.00,0.38,5.25,5.35
259,Stuttgart II,BW,178958,132464,132696,74.02,74.15,34312,28403,27224,30198,9603,9541,14678,20273,6294,6739,31446,28221,,571,25.90,21.40,20.55,22.76,7.25,7.19,11.08,15.28,4.75,5.08,23.74,21.27,0.00,0.43,6.72,6.59
260,Böblingen,BW,245553,193794,194114,78.92,79.05,57504,50675,40844,39955,16175,16810,32184,35082,4548,5141,30211,32594,,691,29.67,26.11,21.08,20.58,8.35,8.66,16.61,18.07,2.35,2.65,15.59,16.79,0.00,0.36,6.36,6.78
261,Esslingen,BW,166628,131020,131121,78.63,78.69,41976,33175,28501,29852,9123,9733,16011,20901,3477,4063,24058,23902,,395,32.04,25.30,21.75,22.77,6.96,7.42,12.22,15.94,2.65,3.10,18.36,18.23,0.00,0.30,6.01,6.94
262,Nürtingen,BW,205967,164475,164570,79.86,79.90,49506,42826,34617,33995,13597,14327,22765,28807,3970,4357,29619,27702,,576,30.10,26.02,21.05,20.66,8.27,8.71,13.84,17.50,2.41,2.65,18.01,16.83,0.00,0.35,6.32,7.28
263,Göppingen,BW,177107,134007,134423,75.66,75.90,41558,35079,31824,31422,15818,15412,16481,21723,2958,3338,15932,16916,,504,31.01,26.10,23.75,23.38,11.80,11.47,12.30,16.16,2.21,2.48,11.89,12.58,0.00,0.37,7.04,7.46
264,Waiblingen,BW,221775,174407,174749,78.64,78.80,50566,44987,39642,37753,15196,15474,27123,30999,4464,5001,26224,27098,,902,28.99,25.74,22.73,21.60,8.71,8.85,15.55,17.74,2.56,2.86,15.04,15.51,0.00,0.52,6.42,7.17
265,Ludwigsburg,BW,215312,170543,170842,79.21,79.35,50297,42297,31409,37284,14392,14313,23891,27611,4886,5275,34663,31433,,615,29.49,24.76,18.42,21.82,8.44,8.38,14.01,16.16,2.86,3.09,20.33,18.40,0.00,0.36,6.45,7.03
266,Neckar-Zaber,BW,230738,185051,185436,80.20,80.37,56249,46315,41708,41369,18478,18702,22792,30783,4357,4851,29015,29048,,619,30.40,24.98,22.54,22.31,9.99,10.09,12.32,16.60,2.35,2.62,15.68,15.66,0.00,0.33,6.73,7.41
267,Heilbronn,BW,240951,180941,181055,75.09,75.14,50299,43325,43887,40961,23093,23828,24748,29386,4237,5137,23018,23476,,606,27.80,23.93,24.25,22.62,12.76,13.16,13.68,16.23,2.34,2.84,12.72,12.97,0.00,0.33,6.44,7.92
268,Schwäbisch Hall – Hohenlohe,BW,225874,171126,171230,75.76,75.81,54894,41947,33568,37272,20579,21787,19941,27850,4090,4980,25825,22734,,608,32.08,24.50,19.62,21.77,12.03,12.72,11.65,16.26,2.39,2.91,15.09,13.28,0.00,0.36,7.15,8.21
269,Backnang – Schwäbisch Gmünd,BW,177062,135001,135424,76.25,76.48,41176,34991,32904,29341,15802,15979,16198,21397,3929,3927,15587,18579,,576,30.50,25.84,24.37,21.67,11.71,11.80,12.00,15.80,2.91,2.90,11.55,13.72,0.00,0.43,6.97,7.85
270,Aalen – Heidenheim,BW,220686,166933,167245,75.64,75.78,61832,45852,36501,39468,16988,17937,15708,24562,3905,4538,20364,21226,,556,37.04,27.42,21.87,23.60,10.18,10.72,9.41,14.69,2.34,2.71,12.20,12.69,0.00,0.33,6.97,7.84
271,Karlsruhe-Stadt,BW,205608,158241,158468,76.96,77.07,30921,27998,33630,33828,10811,10774,15793,20615,7956,8910,47473,44011,,622,19.54,17.67,21.25,21.35,6.83,6.80,9.98,13.01,5.03,5.62,30.00,27.77,0.00,0.39,7.37,7.39
272,Karlsruhe-Land,BW,209147,166259,166633,79.49,79.67,50581,42831,37948,38474,14963,15869,19066,24660,4040,4483,27755,26969,,525,30.42,25.70,22.82,23.09,9.00,9.52,11.47,14.80,2.43,2.69,16.69,16.18,0.00,0.32,7.16,7.69
273,Rastatt,BW,204890,153595,153800,74.96,75.06,50988,41495,34847,36442,16455,16333,17764,21250,4212,4280,19962,21926,,546,33.20,26.98,22.69,23.69,10.71,10.62,11.57,13.82,2.74,2.78,13.00,14.26,0.00,0.36,6.10,7.50
274,Heidelberg,BW,218431,176637,176804,80.87,80.94,42582,36783,35602,40275,10823,10821,15906,23240,6987,8624,53288,45314,,486,24.11,20.80,20.16,22.78,6.13,6.12,9.00,13.14,3.96,4.88,30.17,25.63,0.00,0.27,6.48,6.37
275,Mannheim,BW,196863,140782,140967,71.51,71.61,27986,25682,37102,35651,13773,12846,14879,18515,6811,7066,31723,29814,,529,19.88,18.22,26.35,25.29,9.78,9.11,10.57,13.13,4.84,5.01,22.53,21.15,0.00,0.38,6.04,7.71
276,Odenwald – Tauber,BW,209418,160252,160494,76.52,76.64,57391,48866,33083,35578,19374,19208,15549,20943,3722,4084,17695,17748,,510,35.81,30.45,20.64,22.17,12.09,11.97,9.70,13.05,2.32,2.54,11.04,11.06,0.00,0.32,8.39,8.45
277,Rhein-Neckar,BW,196882,152497,152682,77.46,77.55,43487,38871,41205,35847,15296,15701,17769,21941,4006,4320,22696,24072,,546,28.52,25.46,27.02,23.48,10.03,10.28,11.65,14.37,2.63,2.83,14.88,15.77,0.00,0.36,5.27,7.46
278,Bruchsal – Schwetzingen,BW,195755,150203,150776,76.73,77.02,44465,38866,32836,34434,17352,17462,17635,21978,3854,4125,22154,20858,,457,29.60,25.78,21.86,22.84,11.55,11.58,11.74,14.58,2.57,2.74,14.75,13.83,0.00,0.30,7.93,8.35
279,Pforzheim,BW,217126,162541,162617,74.86,74.90,46291,39324,33957,34262,22943,22028,20632,26504,3772,4342,20679,21213,,561,28.48,24.18,20.89,21.07,14.12,13.55,12.69,16.30,2.32,2.67,12.72,13.04,0.00,0.34,8.78,8.84
280,Calw,BW,199092,151513,151588,76.10,76.14,51208,42841,26111,28571,18668,19473,22685,26770,2998,3656,17712,17301,,477,33.80,28.26,17.23,18.85,12.32,12.85,14.97,17.66,1.98,2.41,11.69,11.41,0.00,0.31,8.01,8.25
281,Freiburg,BW,224392,179769,179873,80.11,80.16,37111,31296,47198,38183,8107,8854,13835,19145,9604,12429,51777,56861,,475,20.64,17.40,26.25,21.23,4.51,4.92,7.70,10.64,5.34,6.91,28.80,31.61,0.00,0.26,6.75,7.02
282,Lörrach – Müllheim,BW,231076,172344,172569,74.58,74.68,43509,38501,37496,41834,13981,14195,24430,24669,4580,5532,35558,32817,1009,734,25.25,22.31,21.76,24.24,8.11,8.23,14.18,14.30,2.66,3.21,20.63,19.02,0.59,0.43,6.84,8.28
283,Emmendingen – Lahr,BW,218872,166655,166572,76.14,76.10,46406,41323,46316,39727,14396,14971,16620,22136,4921,5209,23345,28724,,568,27.85,24.81,27.79,23.85,8.64,8.99,9.97,13.29,2.95,3.13,14.01,17.24,0.00,0.34,8.79,8.35
284,Offenburg,BW,205893,155153,155200,75.36,75.38,54148,40210,29003,33043,13876,15320,16692,22799,4254,4423,21717,23083,,580,34.90,25.91,18.69,21.29,8.94,9.87,10.76,14.69,2.74,2.85,14.00,14.87,0.00,0.37,9.97,10.14
285,Rottweil – Tuttlingen,BW,198182,147838,147813,74.60,74.58,46535,40818,23989,27523,20293,19747,24784,26768,3177,3320,18184,16036,,549,31.48,27.61,16.23,18.62,13.73,13.36,16.76,18.11,2.15,2.25,12.30,10.85,0.00,0.37,7.36,8.83
286,Schwarzwald-Baar,BW,162800,121492,121522,74.63,74.64,44188,32309,21996,25814,12795,13097,16747,19696,2757,3062,14692,16181,,442,36.37,26.59,18.10,21.24,10.53,10.78,13.78,16.21,2.27,2.52,12.09,13.32,0.00,0.36,6.85,8.99
287,Konstanz,BW,206009,156286,156400,75.86,75.92,53362,36209,31486,32657,13487,13341,17047,23509,5591,5804,28142,32913,,546,34.14,23.15,20.15,20.88,8.63,8.53,10.91,15.03,3.58,3.71,18.01,21.04,0.00,0.35,4.59,7.30
288,Waldshut,BW,177275,134877,135022,76.08,76.17,45335,35595,34449,30782,11420,11265,10217,18422,3606,3895,20679,23294,,471,33.61,26.36,25.54,22.80,8.47,8.34,7.58,13.64,2.67,2.88,15.33,17.25,0.00,0.35,6.80,8.37
289,Reutlingen,BW,199189,152477,152575,76.55,76.60,49631,39504,27236,31535,15356,15652,20411,25288,6169,5081,25399,24197,,552,32.55,25.89,17.86,20.67,10.07,10.26,13.39,16.57,4.05,3.33,16.66,15.86,0.00,0.36,5.43,7.06
290,Tübingen,BW,198791,159628,159781,80.30,80.38,43024,34775,28982,32576,12484,12548,15059,22678,7526,8231,40978,37424,,532,26.95,21.76,18.16,20.39,7.82,7.85,9.43,14.19,4.71,5.15,25.67,23.42,0.00,0.33,7.25,6.90
291,Ulm,BW,223376,175998,176165,78.79,78.86,57608,46805,32176,36418,15932,16046,19745,25389,4604,5377,33012,31238,1669,914,32.73,26.57,18.28,20.67,9.05,9.11,11.22,14.41,2.62,3.05,18.76,17.73,0.95,0.52,6.39,7.93
292,Biberach,BW,169147,132171,132230,78.14,78.17,46458,40472,24567,23152,13469,14308,13045,19163,2064,2967,17912,18070,760,559,35.15,30.61,18.59,17.51,10.19,10.82,9.87,14.49,1.56,2.24,13.55,13.67,0.58,0.42,10.51,10.24
293,Bodensee,BW,174430,136755,136848,78.40,78.45,41624,36571,28501,26989,12584,11916,16751,21611,3705,3905,23385,23635,,490,30.44,26.72,20.84,19.72,9.20,8.71,12.25,15.79,2.71,2.85,17.10,17.27,0.00,0.36,7.46,8.57
294,Ravensburg,BW,187817,145940,145978,77.70,77.72,44597,38927,20128,27750,11727,12650,20934,21740,4365,4735,30743,25536,,536,30.56,26.67,13.79,19.01,8.04,8.67,14.34,14.89,2.99,3.24,21.07,17.49,0.00,0.37,9.21,9.66
295,Zollernalb – Sigmaringen,BW,182648,136396,136540,74.68,74.76,41106,39332,24970,26716,15554,16477,18678,23200,2848,3540,23118,15503,,510,30.14,28.81,18.31,19.57,11.40,12.07,13.69,16.99,2.09,2.59,16.95,11.35,0.00,0.37,7.42,8.25
296,Saarbrücken,SL,192929,140398,140474,72.77,72.81,35252,28797,51749,53537,12569,13006,11647,16438,8711,13484,11143,,,1009,25.11,20.50,36.86,38.11,8.95,9.26,8.30,11.70,6.20,9.60,7.94,0.00,0.00,0.72,6.64,10.11
297,Saarlouis,SL,203279,156123,156279,76.80,76.88,43671,38085,57354,56920,15111,15651,12777,18872,8405,10512,7383,,,860,27.97,24.37,36.74,36.42,9.68,10.01,8.18,12.08,5.38,6.73,4.73,0.00,0.00,0.55,7.32,9.84
298,St. Wendel,SL,173074,136980,137032,79.15,79.18,43928,36248,48135,51229,12346,12904,11354,14916,5783,7887,5739,,,741,32.07,26.45,35.14,37.38,9.01,9.42,8.29,10.89,4.22,5.76,4.19,0.00,0.00,0.54,7.08,9.56
299,Homburg,SL,185941,139612,139883,75.08,75.23,36472,32004,51091,52091,16210,16068,11015,15719,7312,9247,6826,,,809,26.12,22.88,36.59,37.24,11.61,11.49,7.89,11.24,5.24,6.61,4.89,0.00,0.00,0.58,7.65,9.97
